ID,city,NO,VMDPP,VMKMT,VMOTHER,VCDPP,VCKMT,VCOTHER,VP
A1,A,1,197,338,327,256,262,337,1
A2,A,2,243,325,418,287,203,480,1
A3,A,3,144,247,311,205,161,305,1
A4,A,4,177,281,315,258,184,317,1
A5,A,5,183,314,388,313,191,358,1
A6,A,6,194,304,347,269,191,359,1
A7,A,7,213,345,485,332,224,463,1
A8,A,8,215,367,436,319,229,451,1
A9,A,9,199,337,436,324,220,417,1
A10,A,10,174,346,402,279,237,387,1
A11,A,11,176,359,417,255,201,433,1
A12,A,12,197,420,470,312,274,480,1
A13,A,13,172,371,423,331,242,370,1
A14,A,14,184,326,403,289,223,382,1
A15,A,15,158,386,427,282,250,421,1
A16,A,16,180,420,449,321,278,427,1
A17,A,17,132,439,422,203,298,442,1
A18,A,18,191,480,422,289,278,501,1
A19,A,19,172,440,450,278,274,488,1
A20,A,20,174,410,451,268,250,492,1
A21,A,21,145,413,412,199,261,485,1
A22,A,22,175,468,417,248,322,468,1
A23,A,23,202,420,410,287,282,431,1
A24,A,24,190,392,447,288,241,482,1
A25,A,25,193,438,471,317,284,477,1
A26,A,26,174,468,456,270,295,515,1
A27,A,27,183,416,416,244,268,470,1
A28,A,28,207,445,415,298,287,468,1
A29,A,29,197,426,417,249,296,478,1
A30,A,30,202,450,429,283,268,505,1
A31,A,31,194,350,413,273,208,457,1
A32,A,32,188,387,407,278,220,460,1
A33,A,33,172,413,374,243,216,479,1
A34,A,34,200,418,426,275,260,486,1
A35,A,35,121,468,410,179,278,519,1
A36,A,36,171,456,365,237,277,463,1
A37,A,37,171,498,432,230,293,554,1
A38,A,38,174,408,470,227,234,563,1
A39,A,39,127,439,430,196,300,483,1
A40,A,40,160,341,413,272,227,391,1
A41,A,41,156,352,339,224,223,373,1
A42,A,42,124,337,303,169,253,325,1
A43,A,43,133,428,351,208,338,350,1
A44,A,44,152,386,426,209,276,451,1
A45,A,45,140,422,388,232,297,395,1
A46,A,46,145,399,433,223,299,438,1
A47,A,47,140,419,408,225,277,449,1
A48,A,48,93,412,401,195,336,360,1
A49,A,49,209,320,423,338,197,402,1
A50,A,50,173,299,450,280,221,409,1
A51,A,51,181,343,398,290,228,388,1
A52,A,52,177,310,352,247,214,368,1
A53,A,53,173,306,393,282,233,340,1
A54,A,54,206,286,354,278,214,334,1
A55,A,55,172,372,446,288,249,436,1
A56,A,56,170,355,477,303,231,445,1
A57,A,57,181,303,422,261,220,409,1
A58,A,58,143,436,417,255,332,395,1
A59,A,59,194,351,471,320,245,438,1
A60,A,60,179,287,431,311,190,368,1
A61,A,61,182,338,396,303,226,376,1
A62,A,62,170,350,431,275,244,413,1
A63,A,63,213,408,475,307,275,484,1
A64,A,64,239,319,432,366,205,400,1
A65,A,65,164,395,420,260,241,442,1
A66,A,66,359,345,522,505,58,655,1
A67,A,67,199,438,463,269,360,444,1
A68,A,68,209,454,436,276,377,423,1
A69,A,69,196,445,518,295,390,447,1
A70,A,70,223,432,470,345,321,444,1
A71,A,71,221,438,435,278,364,438,1
A72,A,72,133,222,301,195,189,259,1
A73,A,73,225,326,434,328,267,364,1
A74,A,74,177,508,457,278,437,404,1
A75,A,75,225,367,426,288,320,393,1
A76,A,76,189,388,408,263,315,376,1
A77,A,77,181,371,402,270,242,429,1
A78,A,78,195,325,409,275,214,427,1
A79,A,79,179,343,415,269,276,373,1
A80,A,80,218,303,412,321,236,359,1
A81,A,81,184,290,375,267,229,326,1
A82,A,82,200,431,466,288,254,529,1
A83,A,83,206,371,491,297,219,531,1
A84,A,84,191,382,473,251,211,553,1
A85,A,85,221,308,492,317,219,465,1
A86,A,86,219,339,466,333,234,435,1
A87,A,87,205,401,483,292,289,477,0
A88,A,88,184,322,352,277,237,324,1
A89,A,89,205,323,424,284,239,409,1
A90,A,90,166,372,409,250,226,453,1
A91,A,91,158,411,449,257,290,460,1
A92,A,92,91,354,313,141,245,345,1
A93,A,93,169,326,389,252,198,420,1
A94,A,94,154,314,370,225,214,436,1
A95,A,95,166,378,409,245,240,447,1
A96,A,96,144,340,381,234,208,406,1
A97,A,97,150,337,376,212,212,414,1
A98,A,98,175,327,356,247,162,439,1
A99,A,99,167,303,380,228,184,427,1
A100,A,100,158,261,355,230,166,360,1
A101,A,101,174,387,390,264,217,460,1
A102,A,102,128,468,325,178,320,406,1
A103,A,103,183,404,392,272,222,458,1
A104,A,104,159,372,410,253,229,442,1
A105,A,105,121,346,277,165,187,378,1
A106,A,106,162,378,394,249,220,444,1
A107,A,107,178,450,451,257,216,581,1
A108,A,108,178,447,458,253,286,522,1
A109,A,109,145,452,468,269,300,478,1
A110,A,110,163,421,459,271,273,475,1
A111,A,111,141,427,349,207,290,395,1
A112,A,112,196,427,344,234,254,459,1
A113,A,113,70,392,294,130,268,341,1
A114,A,114,70,486,217,97,366,297,1
A115,A,115,88,423,411,172,297,442,1
A116,A,116,114,364,400,260,211,388,1
A117,A,117,161,334,404,255,201,426,1
A118,A,118,137,322,390,251,217,367,0
A119,A,119,115,530,391,215,400,398,1
A120,A,120,179,441,389,237,358,398,1
A121,A,121,171,395,389,235,279,425,1
A122,A,122,202,309,378,303,236,333,1
A123,A,123,180,265,377,241,172,388,1
A124,A,124,130,363,421,252,278,365,1
A125,A,125,179,309,388,271,206,376,1
A126,A,126,244,307,468,380,199,419,1
A127,A,127,188,325,428,290,230,392,1
A128,A,128,180,395,459,300,225,481,1
A129,A,129,173,376,454,285,216,470,0
A130,A,130,175,468,564,333,296,551,0
A131,A,131,176,425,450,300,279,444,0
A132,A,132,213,396,351,301,245,394,1
A133,A,133,192,360,460,308,224,458,1
A134,A,134,172,414,474,283,273,480,1
A135,A,135,186,383,445,302,247,433,0
A136,A,136,81,112,153,102,63,170,1
A137,A,137,215,392,395,349,159,475,1
A138,A,138,121,214,191,200,107,209,1
A139,A,139,89,174,165,135,90,187,1
A140,A,140,183,250,311,375,105,256,1
A141,A,141,106,223,237,182,91,281,1
A142,A,142,266,302,505,340,141,576,1
A143,A,143,240,375,483,287,194,579,1
A144,A,144,177,330,306,203,195,397,1
A145,A,145,188,373,401,227,223,491,1
A146,A,146,52,218,157,79,121,206,1
A147,A,147,128,206,230,150,110,286,1
A148,A,148,166,272,322,217,140,379,1
A149,A,149,140,233,315,206,152,314,1
A150,A,150,131,272,260,167,152,327,1
A151,A,151,102,305,288,144,187,360,1
A152,A,152,130,212,219,154,116,285,1
A153,A,153,193,494,356,239,287,479,1
A154,A,154,132,574,356,178,316,553,1
A155,A,155,236,376,456,308,188,562,1
A156,A,156,240,440,423,297,258,521,1
A157,A,157,155,360,295,183,199,412,1
A158,A,158,219,297,405,317,159,408,1
A159,A,159,189,290,345,256,150,398,1
A160,A,160,240,351,446,326,183,508,1
A161,A,161,173,364,392,247,200,469,1
A162,A,162,279,396,487,351,248,566,1
A163,A,163,176,401,453,261,253,482,1
A164,A,164,264,482,474,314,237,663,1
A165,A,165,173,254,363,255,139,372,1
A166,A,166,253,318,437,382,183,422,1
A167,A,167,209,337,483,318,219,475,1
A168,A,168,235,304,454,299,173,519,1
A169,A,169,198,280,364,255,162,394,1
A170,A,170,211,283,409,298,166,440,1
A171,A,171,229,285,423,309,158,444,1
A172,A,172,191,342,470,291,189,504,1
A173,A,173,232,286,486,316,173,500,1
A174,A,174,175,233,362,253,132,375,1
A175,A,175,215,320,450,308,179,480,1
A176,A,176,185,245,380,256,130,407,1
A177,A,177,227,334,426,369,177,422,1
A178,A,178,214,311,491,340,161,512,1
A179,A,179,235,291,457,375,173,391,1
A180,A,180,231,346,453,354,183,480,1
A181,A,181,174,428,417,270,225,487,1
A182,A,182,240,403,384,321,249,441,1
A183,A,183,134,379,480,211,211,520,1
A184,A,184,171,314,329,246,186,382,1
A185,A,185,194,266,357,270,119,396,1
A186,A,186,188,331,363,288,170,408,1
A187,A,187,232,303,403,351,187,388,1
A188,A,188,164,344,403,177,190,534,1
A189,A,189,221,335,452,288,168,528,1
A190,A,190,230,323,420,282,152,524,1
A191,A,191,262,252,432,456,111,379,1
A192,A,192,294,293,477,439,115,460,1
A193,A,193,273,355,455,437,176,470,1
A194,A,194,278,286,497,417,131,479,1
A195,A,195,271,330,524,429,131,542,1
A196,A,196,299,339,439,441,150,467,1
A197,A,197,277,301,479,403,151,506,1
A198,A,198,186,373,464,291,167,524,1
A199,A,199,162,447,454,222,251,567,1
A200,A,200,259,330,516,437,119,519,0
A201,A,201,298,304,546,434,146,556,1
A202,A,202,286,352,571,436,187,559,0
A203,A,203,227,273,358,272,108,458,0
A204,A,204,190,290,413,262,130,481,1
A205,A,205,279,259,434,346,86,523,1
A206,A,206,266,257,438,278,91,587,1
A207,A,207,292,331,514,400,179,538,1
A208,A,208,244,267,402,350,122,425,1
A209,A,209,248,283,440,319,179,501,1
A210,A,210,240,291,542,335,139,527,1
A211,A,211,245,270,406,310,163,424,1
A212,A,212,252,259,433,339,118,474,1
A213,A,213,247,244,467,348,104,509,1
A214,A,214,267,266,450,355,100,502,1
A215,A,215,324,306,525,408,119,606,1
A216,A,216,238,266,450,330,118,507,1
A217,A,217,238,234,348,277,99,404,1
A218,A,218,268,327,489,352,140,571,1
A219,A,219,270,289,459,383,140,469,1
A220,A,220,383,171,364,586,73,271,1
A221,A,221,371,177,395,508,69,337,1
A222,A,222,394,180,415,512,73,434,1
A223,A,223,389,227,510,570,74,427,1
A224,A,224,411,209,525,657,73,410,1
A225,A,225,444,335,640,726,99,586,1
A226,A,226,131,332,284,186,179,368,1
A227,A,227,158,491,448,231,276,569,1
A228,A,228,198,419,421,284,276,456,1
A229,A,229,178,429,408,260,298,440,1
A230,A,230,138,402,358,201,272,407,1
A231,A,231,196,415,433,294,253,484,1
A232,A,232,204,375,427,265,230,480,1
A233,A,233,188,353,413,257,245,445,1
A234,A,234,101,597,298,138,401,445,1
A235,A,235,206,380,402,268,260,459,1
A236,A,236,162,418,424,225,276,481,1
A237,A,237,190,493,513,261,293,618,1
A238,A,238,212,408,363,274,238,446,1
A239,A,239,180,471,459,244,320,535,1
A240,A,240,145,405,383,242,235,426,1
A241,A,241,137,529,239,173,360,360,1
A242,A,242,183,348,367,284,256,350,1
A243,A,243,165,298,359,239,189,369,1
A244,A,244,166,313,358,227,231,370,1
A245,A,245,247,389,403,337,233,426,1
A246,A,246,226,403,486,309,280,504,1
A247,A,247,211,357,396,337,232,371,1
A248,A,248,125,522,324,164,331,446,1
A249,A,249,80,620,292,121,400,454,1
A250,A,250,168,509,400,253,309,489,1
A251,A,251,175,374,412,257,231,452,1
A252,A,252,159,362,371,229,225,416,1
A253,A,253,201,390,430,285,240,468,1
A254,A,254,164,397,403,227,264,467,1
A255,A,255,174,356,381,224,221,436,1
A256,A,256,180,358,372,255,249,390,1
A257,A,257,207,340,392,309,240,364,1
A258,A,258,203,423,415,307,268,447,1
A259,A,259,157,296,369,207,221,367,1
A260,A,260,204,481,449,299,272,542,1
A261,A,261,188,361,428,240,204,512,1
A262,A,262,203,394,417,256,223,484,1
A263,A,263,217,388,431,237,264,476,1
A264,A,264,143,335,379,235,206,407,1
A265,A,265,130,386,379,233,256,401,1
A266,A,266,129,334,353,195,231,359,1
A267,A,267,213,354,375,259,235,430,1
A268,A,268,207,341,445,271,224,462,1
A269,A,269,188,296,396,265,209,389,1
A270,A,270,157,319,308,211,169,381,1
A271,A,271,153,399,379,210,196,504,1
A272,A,272,172,392,356,228,245,445,1
A273,A,273,167,400,420,267,234,466,1
A274,A,274,191,422,433,210,200,616,1
A275,A,275,206,458,428,271,273,523,1
A276,A,276,190,417,377,283,260,417,1
A277,A,277,158,400,377,202,247,461,1
A278,A,278,184,387,397,263,222,450,1
A279,A,279,134,386,320,197,233,405,1
A280,A,280,177,447,383,256,278,445,1
A281,A,281,180,391,421,252,252,482,1
A282,A,282,168,416,357,208,251,446,1
A283,A,283,158,381,386,235,237,430,1
A284,A,284,149,390,354,214,246,416,1
A285,A,285,164,404,393,237,232,472,1
A286,A,286,154,456,358,203,301,442,1
A287,A,287,165,392,410,261,262,427,1
A288,A,288,166,393,362,220,202,481,1
A289,A,289,171,292,328,236,158,365,1
A290,A,290,208,250,302,262,115,373,1
A291,A,291,252,245,355,363,117,356,1
A292,A,292,157,197,252,167,63,357,1
A293,A,293,165,205,219,198,58,316,1
A294,A,294,202,164,215,251,61,260,1
A295,A,295,136,256,209,152,120,329,1
A296,A,296,62,278,179,84,135,275,1
A297,A,297,85,166,160,115,105,179,1
A298,A,298,152,247,275,221,127,317,1
A299,A,299,357,273,394,412,86,494,1
A300,A,300,286,308,390,325,105,534,1
A301,A,301,95,484,238,133,296,366,1
A302,A,302,74,465,236,100,284,377,1
A303,A,303,175,418,315,184,288,432,1
A304,A,304,152,307,288,200,151,342,1
A305,A,305,187,371,451,385,376,227,1
A306,A,306,176,359,421,313,377,260,0
A307,A,307,200,434,457,373,439,253,1
A308,A,308,149,399,467,328,424,243,1
A309,A,309,171,403,424,302,442,235,1
A310,A,310,136,436,494,295,509,235,1
A311,A,311,131,474,500,291,537,265,1
A312,A,312,139,356,341,248,413,163,1
A313,A,313,95,614,425,239,494,354,0
A314,A,314,174,399,385,282,465,197,0
A315,A,315,154,432,427,324,468,214,1
A316,A,316,165,361,462,319,421,213,1
A317,A,317,149,462,470,331,511,217,1
A318,A,318,179,482,461,350,500,249,1
A319,A,319,193,500,514,370,538,284,1
A320,A,320,166,429,509,382,448,239,1
A321,A,321,177,411,478,366,429,250,1
A322,A,322,158,377,472,352,397,236,1
A323,A,323,146,375,480,347,395,244,1
A324,A,324,187,377,488,400,394,238,1
A325,A,325,174,383,462,374,385,262,1
A326,A,326,153,397,446,308,360,293,1
A327,A,327,217,413,489,406,390,296,1
A328,A,328,156,434,433,330,422,275,1
A329,A,329,129,424,428,309,424,215,1
A330,A,330,155,372,457,360,367,245,1
A331,A,331,130,338,405,349,322,193,1
A332,A,332,172,413,499,394,428,250,1
A333,A,333,136,418,515,352,427,278,1
A334,A,334,190,490,509,365,500,249,1
A335,A,335,172,464,531,394,476,274,1
A336,A,336,145,537,492,370,490,280,1
A337,A,337,151,539,519,384,517,285,1
A338,A,338,121,494,423,276,434,318,1
A339,A,339,129,386,404,308,381,214,1
A340,A,340,72,381,317,186,400,181,1
A341,A,341,130,443,380,267,444,230,1
A342,A,342,195,426,474,417,404,257,1
A343,A,343,212,460,497,421,475,284,1
A344,A,344,171,487,532,353,505,292,1
A345,A,345,199,485,459,415,461,273,1
A346,A,346,159,407,365,328,380,200,1
A347,A,347,127,425,496,364,373,287,1
A348,A,348,141,482,566,381,481,314,1
A349,A,349,173,452,494,379,494,242,1
A350,A,350,168,383,416,328,390,203,1
A351,A,351,174,357,390,354,335,213,1
A352,A,352,165,349,442,361,370,218,1
A353,A,353,127,437,408,330,424,229,1
A354,A,354,167,399,476,374,409,207,1
A355,A,355,149,335,344,296,345,176,1
A356,A,356,92,68,141,213,55,28,1
A357,A,357,108,420,454,382,391,198,1
A358,A,358,142,372,448,329,402,221,1
A359,A,359,146,391,453,338,397,218,1
A360,A,360,120,396,332,232,399,201,1
A361,A,361,162,449,442,331,507,214,1
A362,A,362,86,620,424,243,560,294,1
A363,A,363,150,493,418,337,460,238,1
A364,A,364,89,413,402,209,355,315,1
A365,A,365,110,447,420,262,389,322,0
A366,A,366,102,480,396,209,405,347,1
A367,A,367,137,415,428,278,378,333,1
A368,A,368,164,328,412,306,312,249,1
A369,A,369,101,487,528,317,532,275,1
A370,A,370,99,358,408,267,342,204,1
A371,A,371,82,377,430,292,392,193,1
A372,A,372,97,428,403,293,414,193,1
A373,A,373,178,455,523,405,451,273,1
A374,A,374,157,428,549,374,471,264,1
A375,A,375,171,498,517,392,531,263,1
A376,A,376,174,517,517,387,506,280,1
A377,A,377,89,688,422,240,658,315,1
A378,A,378,167,436,488,399,442,254,1
A379,A,379,104,642,440,255,601,293,1
A380,A,380,122,536,441,288,546,256,1
A381,A,381,145,436,450,285,372,337,1
A382,A,382,93,406,391,237,386,240,1
A383,A,383,100,506,309,208,522,167,1
A384,A,384,180,285,407,375,345,162,1
A385,A,385,82,361,394,228,341,220,1
A386,A,386,117,335,518,353,371,227,1
A387,A,387,154,300,470,387,324,195,1
A388,A,388,124,394,446,294,440,194,1
A389,A,389,160,302,452,393,343,183,1
A390,A,390,147,359,522,368,419,207,1
A391,A,391,178,339,460,375,387,193,1
A392,A,392,138,359,460,346,375,218,1
A393,A,393,150,388,505,367,503,235,1
A394,A,394,94,296,348,221,283,135,1
A395,A,395,166,351,470,371,385,212,1
A396,A,396,145,338,472,342,365,223,1
A397,A,397,130,319,474,335,344,235,1
A398,A,398,139,341,481,368,375,196,1
A399,A,399,121,444,418,258,475,251,1
A400,A,400,145,414,520,337,419,288,1
A401,A,401,136,136,227,246,214,62,1
A402,A,402,236,300,432,441,335,144,1
A403,A,403,226,367,483,482,387,187,1
A404,A,404,240,273,373,413,312,138,1
A405,A,405,95,371,377,255,341,227,1
A406,A,406,78,377,323,224,364,171,0
A407,A,407,183,245,388,374,264,152,1
A408,A,408,211,373,395,424,380,175,1
A409,A,409,145,442,418,320,456,178,1
A410,A,410,174,421,454,353,482,199,1
A411,A,411,112,501,443,281,498,237,1
A412,A,412,174,398,490,352,409,269,0
A413,A,413,152,396,381,306,400,212,1
A414,A,414,154,435,461,340,420,273,1
A415,A,415,149,422,522,428,423,227,1
A416,A,416,195,337,412,400,334,179,1
A417,A,417,170,402,492,393,404,221,1
A418,A,418,170,330,454,364,347,221,1
A419,A,419,179,464,426,346,464,222,1
A420,A,420,147,390,482,367,415,221,1
A421,A,421,128,388,494,384,411,201,0
A422,A,422,139,392,483,370,471,187,1
A423,A,423,117,408,512,326,445,224,1
A424,A,424,184,482,444,364,481,235,1
A425,A,425,149,526,509,340,536,293,1
A426,A,426,153,571,437,300,574,270,0
A427,A,427,140,334,424,312,425,197,0
A428,A,428,149,473,461,324,481,214,1
A429,A,429,148,404,514,332,448,265,1
A430,A,430,145,399,437,349,410,197,1
A431,A,431,96,463,429,278,473,239,1
A432,A,432,141,444,407,296,400,272,1
A433,A,433,100,471,434,319,434,240,1
A434,A,434,111,470,461,333,435,252,1
A435,A,435,152,542,455,309,526,281,1
A436,A,436,106,371,416,266,397,216,1
A437,A,437,116,329,418,293,335,221,1
A438,A,438,116,373,379,262,494,248,1
A439,A,439,96,345,398,197,269,200,1
A440,A,440,154,349,463,373,404,171,1
A441,A,441,141,394,485,385,434,207,1
A442,A,442,101,375,477,297,411,226,1
A443,A,443,149,242,332,324,259,107,1
A444,A,444,200,370,561,420,405,304,1
A445,A,445,195,366,455,356,388,237,1
A446,A,446,162,403,502,387,409,236,1
A447,A,447,96,471,380,284,414,228,1
A448,A,448,153,456,453,386,418,248,1
A449,A,449,104,385,405,284,370,209,0
A450,A,450,131,482,445,313,408,323,1
A451,A,451,82,320,458,296,328,208,1
A452,A,452,99,435,464,279,446,248,1
A453,A,453,103,441,456,304,398,273,1
A454,A,454,117,416,499,307,454,296,1
A455,A,455,174,270,415,315,338,145,1
A456,A,456,136,356,447,284,460,179,1
A457,A,457,148,340,413,287,438,156,1
A458,A,458,126,349,342,249,389,158,1
A459,A,459,207,347,482,342,522,149,1
A460,A,460,173,360,501,296,572,142,1
A461,A,461,188,332,399,327,430,142,1
A462,A,462,111,412,551,314,505,230,1
A463,A,463,167,399,429,284,527,179,1
A464,A,464,74,400,395,209,412,219,1
A465,A,465,132,245,397,262,356,126,1
A466,A,466,173,261,382,294,370,145,1
A467,A,467,139,274,379,272,354,146,1
A468,A,468,185,341,426,336,421,166,1
A469,A,469,128,327,355,232,348,208,1
A470,A,470,137,288,471,315,364,200,1
A471,A,471,171,363,390,306,441,203,0
A472,A,472,95,367,447,248,428,164,0
A473,A,473,132,336,430,289,413,213,1
A474,A,474,141,378,451,281,453,221,1
A475,A,475,57,586,302,136,532,294,1
A476,A,476,183,334,386,314,366,186,1
A477,A,477,130,461,411,225,474,294,0
A478,A,478,176,348,436,322,420,194,1
A479,A,479,156,346,472,363,388,189,1
A480,A,480,196,268,411,352,351,141,1
A481,A,481,124,391,471,321,495,194,1
A482,A,482,168,406,414,318,446,156,1
A483,A,483,175,319,432,320,449,136,1
A484,A,484,182,383,469,392,553,154,1
A485,A,485,163,415,478,337,453,164,1
A486,A,486,172,394,508,362,508,226,1
A487,A,487,151,337,449,267,356,255,1
A488,A,488,137,477,497,351,503,239,1
A489,A,489,111,392,434,287,425,192,1
A490,A,490,125,348,415,293,397,172,1
A491,A,491,132,431,345,259,524,129,1
A492,A,492,109,376,388,237,446,169,1
A493,A,493,184,257,472,396,318,150,0
A494,A,494,193,287,432,422,338,138,1
A495,A,495,195,268,449,446,306,137,1
A496,A,496,227,330,443,425,396,182,1
A497,A,497,160,322,335,313,333,138,1
A498,A,498,196,347,462,408,358,207,1
A499,A,499,155,292,312,312,321,127,1
A500,A,500,122,330,393,315,318,169,1
A501,A,501,137,339,430,334,367,179,1
A502,A,502,170,285,317,302,325,136,1
A503,A,503,165,320,359,333,340,151,1
A504,A,504,175,493,481,380,553,236,1
A505,A,505,169,489,446,325,520,219,1
A506,A,506,142,456,412,284,513,192,1
A507,A,507,180,400,449,356,421,233,1
A508,A,508,181,425,406,315,486,196,1
A509,A,509,134,356,321,261,358,152,1
A510,A,510,166,320,369,324,322,186,1
A511,A,511,99,449,350,234,472,170,1
A512,A,512,155,382,393,311,424,170,1
A513,A,513,114,370,399,297,398,169,1
A514,A,514,174,325,422,346,347,194,1
A515,A,515,176,364,458,371,422,180,1
A516,A,516,192,382,435,388,437,183,1
A517,A,517,166,431,436,330,486,166,1
A518,A,518,144,337,373,292,387,178,1
A519,A,519,137,318,383,295,350,151,1
A520,A,520,168,507,442,320,516,250,1
A521,A,521,102,413,357,221,446,185,1
A522,A,522,129,389,367,248,412,205,1
A523,A,523,106,357,323,205,380,183,1
A524,A,524,82,305,300,172,338,156,1
A525,A,525,120,446,377,251,553,183,1
A526,A,526,130,423,359,234,440,150,1
A527,A,527,176,461,438,309,425,240,1
A528,A,528,192,449,393,307,410,199,1
A529,A,529,126,399,362,213,330,185,1
A530,A,530,142,360,345,206,307,230,1
A531,A,531,133,389,354,210,321,252,1
A532,A,532,167,344,310,227,300,217,1
A533,A,533,150,331,353,233,259,235,1
A534,A,534,171,363,335,232,277,232,1
A535,A,535,179,425,441,302,329,261,1
A536,A,536,110,461,320,154,411,207,1
A537,A,537,124,464,348,205,363,226,1
A538,A,538,153,357,361,242,309,209,1
A539,A,539,153,418,408,278,350,239,1
A540,A,540,192,372,359,300,344,212,1
A541,A,541,166,348,370,287,350,178,1
A542,A,542,124,513,388,222,431,242,1
A543,A,543,143,381,379,248,311,208,1
A544,A,544,164,370,387,241,298,238,1
A545,A,545,166,395,363,298,327,212,1
A546,A,546,149,381,405,288,315,221,1
A547,A,547,164,404,409,277,358,241,1
A548,A,548,128,372,380,235,309,220,1
A549,A,549,101,454,338,164,371,223,1
A550,A,550,96,440,285,158,353,214,1
A551,A,551,158,290,361,238,269,230,1
A552,A,552,139,314,343,231,274,202,1
A553,A,553,137,340,373,265,283,216,1
A554,A,554,128,330,302,197,287,201,0
A555,A,555,156,383,322,229,339,185,0
A556,A,556,127,300,311,192,277,178,0
A557,A,557,107,344,290,193,317,170,0
A558,A,558,165,393,326,258,344,200,1
A559,A,559,153,330,284,231,297,163,1
A560,A,560,101,425,311,160,379,210,1
A561,A,561,127,337,307,211,290,218,1
A562,A,562,45,589,272,116,515,176,1
A563,A,563,150,346,386,249,321,224,1
A564,A,564,99,428,469,215,412,263,1
A565,A,565,38,543,193,53,468,162,1
A566,A,566,56,576,293,95,510,193,1
A567,A,567,90,443,377,154,453,216,1
A568,A,568,143,324,336,213,287,224,1
A569,A,569,146,249,379,267,217,187,1
A570,A,570,148,303,297,248,243,164,1
A571,A,571,166,330,313,254,274,190,1
A572,A,572,134,312,309,224,259,179,0
A573,A,573,154,551,394,237,460,247,1
A574,A,574,136,526,418,238,457,223,1
A575,A,575,200,397,506,356,381,235,0
A576,A,576,206,336,357,315,276,192,1
A577,A,577,138,347,311,241,272,161,1
A578,A,578,136,318,348,269,281,160,1
A579,A,579,153,319,329,287,258,165,1
A580,A,580,172,319,345,315,249,193,1
A581,A,581,179,320,353,341,267,164,1
A582,A,582,134,453,337,194,420,203,1
A583,A,583,110,493,322,173,434,198,0
A584,A,584,149,442,356,256,383,204,0
A585,A,585,181,369,341,272,322,186,1
A586,A,586,181,366,424,338,306,210,1
A587,A,587,187,423,398,339,349,232,1
A588,A,588,175,342,460,313,282,257,1
A589,A,589,193,275,355,334,240,184,1
A590,A,590,195,254,340,330,196,198,0
A591,A,591,211,373,479,369,328,246,1
A592,A,592,167,356,367,329,272,220,1
A593,A,593,141,340,349,351,239,179,1
A594,A,594,196,304,402,446,204,175,1
A595,A,595,218,423,449,515,315,187,1
A596,A,596,198,336,452,482,218,195,1
A597,A,597,71,561,337,132,449,259,1
A598,A,598,169,457,428,312,420,247,1
A599,A,599,138,523,421,263,392,233,0
A600,A,600,58,618,347,142,485,239,0
A601,A,601,86,681,379,128,700,227,1
A602,A,602,27,778,300,75,732,182,1
A603,A,603,80,748,424,132,659,289,1
A604,A,604,113,523,444,206,499,272,1
A605,A,605,183,367,380,308,323,214,1
A606,A,606,143,429,342,253,404,195,1
A607,A,607,169,406,376,266,374,231,0
A608,A,608,143,409,378,250,374,224,1
A609,A,609,155,433,349,226,402,233,1
A610,A,610,156,425,486,324,388,241,1
A611,A,611,207,395,489,407,396,232,0
A612,A,612,175,428,399,334,377,202,1
A613,A,613,205,409,467,348,396,254,0
A614,A,614,153,422,331,237,389,198,1
A615,A,615,113,370,329,169,336,193,1
A616,A,616,163,498,396,267,439,234,0
A617,A,617,149,320,345,249,303,192,0
A618,A,618,153,357,442,303,303,220,0
A619,A,619,186,337,476,366,270,240,1
A620,A,620,172,417,465,345,310,240,1
A621,A,621,186,360,439,369,298,203,1
A622,A,622,128,325,365,253,273,168,1
A623,A,623,160,475,457,244,504,242,1
A624,A,624,156,368,387,230,410,195,0
A625,A,625,223,323,381,362,294,187,0
A626,A,626,153,387,362,263,328,203,1
A627,A,627,181,382,409,319,303,244,1
A628,A,628,169,448,439,320,377,245,1
A629,A,629,154,377,368,260,294,230,1
A630,A,630,158,371,384,286,323,185,1
A631,A,631,157,376,401,273,301,229,1
A632,A,632,184,326,337,282,282,215,1
A633,A,633,149,374,387,250,332,213,1
A634,A,634,138,365,312,233,261,204,0
A635,A,635,104,367,275,162,308,189,0
A636,A,636,147,328,392,246,288,224,0
A637,A,637,104,348,280,171,315,170,1
A638,A,638,171,287,391,322,251,209,1
A639,A,639,150,323,339,256,318,184,1
A640,A,640,145,358,396,267,293,218,1
A641,A,641,148,347,356,254,329,211,1
A642,A,642,126,300,300,206,252,177,1
A643,A,643,135,265,293,179,237,202,1
A644,A,644,90,493,330,119,444,227,1
A645,A,645,71,575,300,111,496,207,1
A646,A,646,81,459,311,127,408,205,0
A647,A,647,134,455,295,170,402,191,1
A648,A,648,132,426,329,194,391,223,1
A649,A,649,142,409,324,174,375,223,0
A650,A,650,84,304,220,119,260,140,0
A651,A,651,126,432,292,179,319,230,0
A652,A,652,133,419,334,190,333,276,0
A653,A,653,145,387,357,180,324,284,0
A654,A,654,117,544,327,171,400,324,0
A655,A,655,134,396,368,189,324,292,0
A656,A,656,79,377,257,148,301,169,1
A657,A,657,145,378,336,239,306,201,1
A658,A,658,160,320,313,237,276,201,1
A659,A,659,162,374,353,229,331,213,1
A660,A,660,98,298,274,177,243,177,1
A661,A,661,146,372,315,219,355,185,1
A662,A,662,114,313,335,197,285,203,1
A663,A,663,95,262,357,179,264,206,1
A664,A,664,131,408,340,202,380,209,1
A665,A,665,145,438,351,227,363,232,1
A666,A,666,115,358,343,179,381,201,0
A667,A,667,133,370,389,201,417,206,1
A668,A,668,114,351,322,189,353,194,1
A669,A,669,202,380,349,291,332,208,1
A670,A,670,125,364,311,210,332,187,1
A671,A,671,120,321,315,205,279,197,1
A672,A,672,114,338,280,167,295,181,1
A673,A,673,110,350,322,166,350,199,1
A674,A,674,94,325,312,155,324,189,1
A675,A,675,117,361,293,174,353,168,1
A676,A,676,198,405,455,375,332,246,1
A677,A,677,200,375,376,298,332,224,1
A678,A,678,163,302,336,274,252,188,1
A679,A,679,206,464,430,302,402,290,1
A680,A,680,160,371,412,308,296,229,1
A681,A,681,236,492,482,409,430,266,1
A682,A,682,161,365,317,250,297,235,1
A683,A,683,196,360,417,359,306,210,1
A684,A,684,211,350,396,374,288,205,1
A685,A,685,196,332,414,370,303,197,1
A686,A,686,160,250,326,305,215,144,1
A687,A,687,155,209,331,326,192,122,1
A688,A,688,191,241,403,427,219,134,1
A689,A,689,234,323,391,352,341,196,1
A690,A,690,175,344,364,270,337,198,1
A691,A,691,153,336,338,258,295,180,0
A692,A,692,202,288,348,333,234,221,1
A693,A,693,178,325,360,299,320,197,1
A694,A,694,134,289,362,260,185,190,0
A695,A,695,203,308,325,299,257,235,1
A696,A,696,120,357,314,193,327,161,0
A697,A,697,110,321,339,199,300,206,0
A698,A,698,141,357,349,228,348,196,1
A699,A,699,111,341,292,194,296,178,1
A700,A,700,120,291,300,220,217,184,1
A701,A,701,139,277,329,263,233,181,1
A702,A,702,168,298,309,261,249,197,1
A703,A,703,183,251,322,306,207,187,1
A704,A,704,49,310,234,90,261,150,1
A705,A,705,81,448,347,167,412,203,1
A706,A,706,104,438,324,155,410,227,1
A707,A,707,121,375,350,184,373,225,1
A708,A,708,127,387,341,201,343,230,1
A709,A,709,134,387,313,241,346,177,1
A710,A,710,131,350,376,231,343,204,1
A711,A,711,124,404,328,205,370,189,1
A712,A,712,108,270,250,197,221,137,1
A713,A,713,130,263,230,210,208,142,1
A714,A,714,162,382,394,312,269,208,1
A715,A,715,129,464,388,229,345,252,1
A716,A,716,154,365,396,252,338,232,1
A717,A,717,158,398,378,258,333,218,1
A718,A,718,190,354,374,338,307,180,1
A719,A,719,199,368,368,281,330,253,0
A720,A,720,166,414,427,324,335,234,0
A721,A,721,104,289,326,172,260,217,0
A722,A,722,122,232,234,188,199,147,1
A723,A,723,120,247,269,206,200,160,1
A724,A,724,131,297,305,239,238,169,0
A725,A,725,214,344,405,366,284,230,1
A726,A,726,195,311,394,337,289,203,1
A727,A,727,180,387,384,321,293,238,1
A728,A,728,157,335,426,293,259,249,1
A729,A,729,179,325,396,301,272,227,1
A730,A,730,169,340,382,275,302,237,1
A731,A,731,171,393,355,259,341,217,1
A732,A,732,156,339,322,272,265,202,1
A733,A,733,169,367,376,291,326,198,1
A734,A,734,151,323,319,253,244,205,1
A735,A,735,145,320,310,244,275,177,1
A736,A,736,162,362,334,278,285,184,0
A737,A,737,186,470,382,306,388,240,0
A738,A,738,134,493,345,225,413,234,0
A739,A,739,70,413,238,100,376,160,1
A740,A,740,121,400,334,184,407,190,0
A741,A,741,115,444,372,170,463,231,1
A742,A,742,138,472,403,201,466,267,0
A743,A,743,111,469,365,183,437,212,0
A744,A,744,204,446,355,281,434,217,1
A745,A,745,134,333,312,203,326,181,1
A746,A,746,130,445,397,200,455,255,1
A747,A,747,132,443,333,200,374,200,1
A748,A,748,68,449,309,117,403,221,1
A749,A,749,109,347,314,169,340,203,1
A750,A,750,126,457,343,188,417,248,1
A751,A,751,118,399,377,210,379,226,1
A752,A,752,144,451,425,234,465,233,1
A753,A,753,90,578,408,190,526,256,1
A754,A,754,103,502,400,170,495,275,1
A755,A,755,125,430,366,234,374,202,1
A756,A,756,95,446,299,169,398,203,1
A757,A,757,133,350,302,199,335,159,1
A758,A,758,142,402,318,211,395,180,1
A759,A,759,135,375,323,201,364,205,1
A760,A,760,137,372,383,236,390,213,1
A761,A,761,122,432,357,202,306,204,1
A762,A,762,139,335,344,209,305,212,1
A763,A,763,131,439,343,210,374,229,1
A764,A,764,149,382,379,228,372,231,1
A765,A,765,120,327,258,226,259,143,1
A766,A,766,142,351,310,249,286,201,1
A767,A,767,107,441,268,152,346,197,1
A768,A,768,148,498,330,237,382,236,0
A769,A,769,138,464,342,222,393,235,1
A770,A,770,128,477,424,243,423,260,1
A771,A,771,127,466,444,239,457,244,1
A772,A,772,208,434,393,264,402,254,1
A773,A,773,154,396,350,233,357,223,1
A774,A,774,134,298,294,248,249,161,0
A775,A,775,124,384,296,199,303,222,1
A776,A,776,97,391,311,150,319,226,1
A777,A,777,134,447,384,236,390,222,1
A778,A,778,155,448,396,261,396,193,1
A779,A,779,159,498,416,268,454,226,1
A780,A,780,128,399,367,242,362,199,1
A781,A,781,152,440,381,264,379,210,1
A782,A,782,146,487,358,263,383,189,1
A783,A,783,148,330,386,263,303,208,1
A784,A,784,103,324,216,138,288,113,1
A785,A,785,52,371,133,63,272,116,1
A786,A,786,159,370,452,226,407,252,1
A787,A,787,189,338,334,233,342,191,1
A788,A,788,155,400,373,220,354,285,1
A789,A,789,141,350,331,153,339,277,0
A790,A,790,168,383,422,242,349,286,1
A791,A,791,158,388,435,257,409,259,0
A792,A,792,181,386,408,223,381,263,1
A793,A,793,238,324,376,293,297,253,1
A794,A,794,185,295,301,230,246,223,1
A795,A,795,196,348,441,267,345,265,1
A796,A,796,118,258,248,152,239,175,0
A797,A,797,137,366,288,169,318,229,1
A798,A,798,154,281,355,184,305,220,1
A799,A,799,213,297,365,265,318,205,1
A800,A,800,145,372,386,192,386,265,1
A801,A,801,206,363,436,257,385,253,1
A802,A,802,140,298,315,185,276,206,1
A803,A,803,176,278,289,184,300,206,1
A804,A,804,122,366,276,147,335,207,1
A805,A,805,223,263,459,306,294,232,1
A806,A,806,203,305,432,293,321,221,1
A807,A,807,240,298,364,286,325,199,1
A808,A,808,165,338,433,226,351,256,1
A809,A,809,132,296,322,195,283,173,1
A810,A,810,179,269,334,225,232,255,1
A811,A,811,123,249,282,159,263,159,1
A812,A,812,200,264,406,245,337,204,1
A813,A,813,129,326,359,154,360,238,0
A814,A,814,146,368,356,176,393,182,1
A815,A,815,165,411,409,221,420,249,0
A816,A,816,162,383,374,219,374,228,0
A817,A,817,171,334,400,211,353,269,1
A818,A,818,153,296,331,169,351,163,1
A819,A,819,170,293,358,219,322,198,1
A820,A,820,167,243,293,165,280,174,1
A821,A,821,201,415,419,225,417,291,1
A822,A,822,238,316,455,311,330,271,1
A823,A,823,223,302,388,240,352,220,1
A824,A,824,76,708,330,110,771,203,1
A825,A,825,39,609,248,59,585,192,1
A826,A,826,168,461,477,252,441,319,1
A827,A,827,134,420,411,175,451,259,1
A828,A,828,180,411,496,223,471,316,1
A829,A,829,152,477,358,208,489,234,1
A830,A,830,157,361,348,187,387,229,1
A831,A,831,185,384,370,223,402,212,1
A832,A,832,152,386,409,235,431,197,1
A833,A,833,115,383,307,180,407,164,1
A834,A,834,126,478,253,180,504,129,1
A835,A,835,170,388,369,219,395,235,1
A836,A,836,168,419,436,235,440,249,1
A837,A,837,192,421,408,281,462,214,1
A838,A,838,176,394,417,264,433,211,1
A839,A,839,192,456,452,285,503,244,1
A840,A,840,134,426,469,205,460,288,1
A841,A,841,140,451,406,221,360,211,1
A842,A,842,109,398,396,156,460,219,1
A843,A,843,158,360,429,195,428,250,0
A844,A,844,96,452,344,122,412,314,1
A845,A,845,107,281,267,136,246,221,1
A846,A,846,190,294,428,148,308,292,1
A847,A,847,212,247,447,272,306,227,1
A848,A,848,186,400,483,265,382,312,1
A849,A,849,262,284,467,333,295,235,1
A850,A,850,199,290,394,256,270,235,1
A851,A,851,200,324,423,255,302,267,1
A852,A,852,200,311,379,235,333,229,1
A853,A,853,193,321,432,293,383,201,1
A854,A,854,172,337,432,222,353,245,1
A855,A,855,191,370,359,220,376,234,1
A856,A,856,191,321,341,225,315,259,1
A857,A,857,228,322,444,252,270,352,1
A858,A,858,229,331,457,243,334,328,1
A859,A,859,225,297,399,271,287,261,1
A860,A,860,203,307,405,254,296,291,0
A861,A,861,198,283,404,224,279,281,1
A862,A,862,205,170,232,149,185,137,1
A863,A,863,277,418,492,349,383,310,1
A864,A,864,224,421,443,299,412,264,1
A865,A,865,205,457,475,272,419,316,1
A866,A,866,213,311,357,233,334,210,1
A867,A,867,227,319,529,309,330,276,1
A868,A,868,188,299,379,216,324,207,1
A869,A,869,223,297,359,262,308,205,1
A870,A,870,186,302,406,246,318,221,1
A871,A,871,169,250,347,206,268,213,1
A872,A,872,151,225,343,184,234,186,1
A873,A,873,176,283,377,212,310,241,1
A874,A,874,186,332,362,207,349,199,1
A875,A,875,190,305,383,247,330,211,0
A876,A,876,194,330,351,233,328,210,0
A877,A,877,185,338,422,241,392,188,1
A878,A,878,159,266,345,196,276,191,1
A879,A,879,199,401,515,272,433,279,1
A880,A,880,171,396,411,222,424,227,1
A881,A,881,181,339,403,248,389,195,0
A882,A,882,179,401,393,207,440,247,1
A883,A,883,221,401,428,265,404,237,1
A884,A,884,241,348,440,323,361,234,1
A885,A,885,223,359,440,278,372,265,1
A886,A,886,234,414,480,289,460,279,1
A887,A,887,203,335,448,257,353,260,1
A888,A,888,266,293,443,349,283,257,1
A889,A,889,238,324,428,300,353,238,0
A890,A,890,232,376,413,285,370,278,1
A891,A,891,216,339,387,275,306,273,0
A892,A,892,234,345,441,246,331,357,0
A893,A,893,197,354,425,250,389,252,0
A894,A,894,171,346,447,222,419,237,0
A895,A,895,239,311,441,277,381,227,0
A896,A,896,177,388,462,210,469,263,1
A897,A,897,182,361,478,232,442,246,1
A898,A,898,135,321,382,178,313,257,0
A899,A,899,109,358,339,167,359,236,1
A900,A,900,143,302,314,176,292,225,1
A901,A,901,166,318,360,227,303,258,1
A902,A,902,121,453,397,125,343,400,1
A903,A,903,76,624,287,83,519,332,0
A904,A,904,74,604,379,105,559,331,0
A905,A,905,148,308,383,204,317,245,1
A906,A,906,152,256,345,186,270,224,1
A907,A,907,192,328,390,264,347,224,1
A908,A,908,158,417,418,223,427,246,1
A909,A,909,195,358,389,287,357,188,1
A910,A,910,173,299,350,204,341,179,1
A911,A,911,171,301,336,202,346,175,1
A912,A,912,205,294,376,273,336,185,1
A913,A,913,181,291,345,245,313,198,1
A914,A,914,163,269,342,198,300,193,1
A915,A,915,162,355,333,194,381,178,1
A916,A,916,148,379,367,188,426,199,1
A917,A,917,153,376,387,223,392,220,1
A918,A,918,113,374,305,133,401,201,1
A919,A,919,173,243,381,256,275,167,1
A920,A,920,174,286,403,225,343,226,1
A921,A,921,176,330,401,261,352,240,1
A922,A,922,233,246,464,333,343,178,1
A923,A,923,199,287,437,301,323,224,1
A924,A,924,189,270,363,260,308,178,1
A925,A,925,246,218,388,359,220,183,1
A926,A,926,165,202,323,220,215,157,1
A927,A,927,173,227,332,204,267,172,1
A928,A,928,183,171,344,250,202,158,1
A929,A,929,169,242,350,260,247,182,1
A930,A,930,174,180,414,257,232,193,1
A931,A,931,182,200,414,255,283,182,1
A932,A,932,212,185,384,267,259,165,1
A933,A,933,191,258,445,294,275,238,1
A934,A,934,160,278,415,257,321,207,1
A935,A,935,236,240,406,289,268,199,1
A936,A,936,167,264,350,209,289,192,1
A937,A,937,176,249,404,241,291,194,1
A938,A,938,189,269,384,264,336,189,1
A939,A,939,168,250,420,229,298,221,1
A940,A,940,268,301,505,384,312,254,1
A941,A,941,182,290,425,291,342,182,1
A942,A,942,240,237,392,317,269,204,1
A943,A,943,210,254,441,277,311,214,1
A944,A,944,238,238,471,340,306,231,1
A945,A,945,232,243,426,299,320,177,1
A946,A,946,217,253,367,272,264,213,1
A947,A,947,169,257,314,225,279,181,1
A948,A,948,187,292,407,267,333,201,1
A949,A,949,175,187,301,222,210,147,1
A950,A,950,134,213,347,205,251,167,1
A951,A,951,184,255,330,216,312,179,1
A952,A,952,207,214,343,266,219,178,1
A953,A,953,189,241,364,234,283,191,1
A954,A,954,179,215,312,244,231,146,1
A955,A,955,218,263,440,305,309,207,1
A956,A,956,171,237,365,203,308,170,1
A957,A,957,145,239,328,194,271,171,1
A958,A,958,206,221,406,278,268,198,1
A959,A,959,205,262,465,299,311,234,1
A960,A,960,212,286,380,286,330,184,1
A961,A,961,193,296,422,245,390,201,1
A962,A,962,167,288,384,221,310,212,1
A963,A,963,244,224,362,283,235,229,1
A964,A,964,181,257,304,226,247,198,1
A965,A,965,243,229,434,312,271,212,1
A966,A,966,212,270,442,294,315,236,1
A967,A,967,214,307,442,279,321,261,1
A968,A,968,229,270,435,255,313,231,1
A969,A,969,238,291,440,269,324,269,1
A970,A,970,232,205,347,257,200,219,1
A971,A,971,233,207,319,296,217,138,1
A972,A,972,206,252,376,300,272,183,1
A973,A,973,196,240,396,256,297,197,1
A974,A,974,214,286,391,276,315,222,1
A975,A,975,231,263,488,313,335,218,1
A976,A,976,277,304,469,294,349,282,1
A977,A,977,160,177,309,160,158,228,1
A978,A,978,157,132,257,197,140,135,1
A979,A,979,217,302,429,276,317,228,1
A980,A,980,208,224,346,273,220,204,1
A981,A,981,336,265,366,371,288,145,1
A982,A,982,219,269,377,266,275,213,1
A983,A,983,272,282,468,346,322,239,1
A984,A,984,262,298,439,337,331,225,1
A985,A,985,243,284,416,277,312,225,1
A986,A,986,245,274,424,299,302,208,1
A987,A,987,222,314,383,253,350,190,1
A988,A,988,213,308,413,266,317,183,1
A989,A,989,249,254,451,322,269,195,1
A990,A,990,248,242,406,283,248,212,1
A991,A,991,254,234,393,281,255,202,1
A992,A,992,203,231,397,239,240,186,1
A993,A,993,188,220,385,201,271,182,1
A994,A,994,195,278,410,177,309,170,1
A995,A,995,180,365,398,203,346,244,1
A996,A,996,181,305,453,204,332,186,1
A997,A,997,176,323,436,214,346,228,1
A998,A,998,204,228,368,173,204,146,1
A999,A,999,217,231,354,152,205,137,1
A1000,A,1000,233,223,385,186,218,169,1
A1001,A,1001,134,376,328,238,379,144,1
A1002,A,1002,152,295,331,287,314,135,1
A1003,A,1003,30,382,275,99,359,154,1
A1004,A,1004,84,283,333,170,349,118,1
A1005,A,1005,140,286,275,227,292,98,1
A1006,A,1006,123,303,273,222,311,119,1
A1007,A,1007,138,387,304,207,440,116,1
A1008,A,1008,87,321,344,188,365,142,0
A1009,A,1009,136,469,400,269,494,152,0
A1010,A,1010,122,367,330,221,383,154,1
A1011,A,1011,126,392,305,227,385,151,0
A1012,A,1012,121,391,402,217,405,207,0
A1013,A,1013,132,339,414,276,367,165,1
A1014,A,1014,158,381,364,248,419,164,0
A1015,A,1015,147,364,409,279,405,181,0
A1016,A,1016,134,342,315,228,352,151,0
A1017,A,1017,117,395,382,246,393,211,0
A1018,A,1018,148,355,372,282,360,156,0
A1019,A,1019,128,328,304,221,350,156,0
A1020,A,1020,115,380,354,220,385,187,0
A1021,A,1021,186,419,362,313,417,174,0
A1022,A,1022,147,455,391,246,472,216,0
A1023,A,1023,105,338,284,197,324,149,0
A1024,A,1024,129,346,354,243,345,167,1
A1025,A,1025,96,410,313,177,402,178,1
A1026,A,1026,125,303,309,227,303,145,1
A1027,A,1027,121,418,381,260,419,187,0
A1028,A,1028,165,296,336,248,335,188,0
A1029,A,1029,132,388,314,239,383,167,0
A1030,A,1030,163,292,306,252,313,134,0
A1031,A,1031,149,295,306,242,304,165,0
A1032,A,1032,189,372,383,298,385,210,0
A1033,A,1033,140,330,403,299,328,184,1
A1034,A,1034,184,340,367,301,333,217,1
A1035,A,1035,188,404,304,276,392,204,1
A1036,A,1036,183,430,451,322,460,216,1
A1037,A,1037,100,272,324,210,265,168,1
A1038,A,1038,128,267,325,275,245,148,1
A1039,A,1039,118,258,365,241,308,163,1
A1040,A,1040,110,419,365,207,444,171,1
A1041,A,1041,154,380,322,223,403,178,1
A1042,A,1042,110,369,340,220,366,187,1
A1043,A,1043,180,351,375,294,351,207,1
A1044,A,1044,129,315,374,242,365,175,1
A1045,A,1045,108,276,344,222,292,153,1
A1046,A,1046,134,265,377,235,297,202,0
A1047,A,1047,146,305,397,304,310,187,0
A1048,A,1048,149,320,368,283,353,148,1
A1049,A,1049,96,358,307,183,387,158,1
A1050,A,1050,103,335,325,187,360,168,1
A1051,A,1051,136,379,392,265,389,191,1
A1052,A,1052,112,399,353,218,406,164,1
A1053,A,1053,146,402,440,302,449,172,1
A1054,A,1054,154,349,462,348,399,159,1
A1055,A,1055,112,407,415,262,439,162,1
A1056,A,1056,125,370,371,231,405,173,1
A1057,A,1057,154,359,441,367,373,166,0
A1058,A,1058,102,366,376,249,377,146,1
A1059,A,1059,128,366,473,300,414,179,1
A1060,A,1060,110,412,449,288,443,174,0
A1061,A,1061,138,377,426,319,409,165,1
A1062,A,1062,107,393,395,235,405,184,1
A1063,A,1063,93,380,438,220,411,193,1
A1064,A,1064,129,399,392,256,432,168,1
A1065,A,1065,118,418,385,220,459,176,1
A1066,A,1066,84,410,430,174,481,190,1
A1067,A,1067,97,311,362,206,375,138,1
A1068,A,1068,108,220,271,217,272,84,1
A1069,A,1069,112,231,318,210,277,105,1
A1070,A,1070,111,287,346,220,349,140,1
A1071,A,1071,103,327,350,171,385,138,1
A1072,A,1072,122,326,384,227,369,157,1
A1073,A,1073,134,343,344,239,366,136,1
A1074,A,1074,174,355,369,322,382,133,0
A1075,A,1075,145,411,386,240,440,206,1
A1076,A,1076,106,373,307,195,384,140,0
A1077,A,1077,159,272,315,254,280,136,0
A1078,A,1078,179,301,406,351,329,120,0
A1079,A,1079,155,383,291,245,364,155,1
A1080,A,1080,155,355,306,247,368,159,1
A1081,A,1081,132,360,358,224,411,135,1
A1082,A,1082,82,334,281,174,340,137,1
A1083,A,1083,92,291,214,158,287,101,1
A1084,A,1084,92,292,249,177,283,126,1
A1085,A,1085,145,341,388,274,371,147,1
A1086,A,1086,144,337,328,247,344,160,1
A1087,A,1087,99,266,275,206,263,122,1
A1088,A,1088,155,402,438,273,424,205,1
A1089,A,1089,143,396,440,273,409,208,1
A1090,A,1090,151,435,451,318,455,189,0
A1091,A,1091,193,413,431,331,417,206,1
A1092,A,1092,145,364,415,284,401,150,1
A1093,A,1093,159,442,463,346,457,171,1
A1094,A,1094,171,368,409,322,382,148,1
A1095,A,1095,137,357,328,242,353,150,1
A1096,A,1096,144,355,350,269,366,130,1
A1097,A,1097,145,302,363,271,327,143,1
A1098,A,1098,131,405,214,173,459,98,0
A1099,A,1099,151,305,299,251,336,121,0
A1100,A,1100,127,273,326,228,317,140,1
A1101,A,1101,175,347,312,275,375,120,1
A1102,A,1102,175,351,295,255,367,156,1
A1103,A,1103,159,421,434,313,480,176,1
A1104,A,1104,169,355,417,326,383,149,1
A1105,A,1105,224,282,414,404,294,155,1
A1106,A,1106,168,353,374,360,359,144,1
A1107,A,1107,152,343,307,268,331,157,0
A1108,A,1108,165,293,379,315,306,154,1
A1109,A,1109,132,298,352,267,334,138,1
A1110,A,1110,217,269,370,382,287,150,1
A1111,A,1111,237,279,444,444,296,155,1
A1112,A,1112,243,270,393,432,269,154,1
A1113,A,1113,169,303,341,306,298,150,1
A1114,A,1114,154,257,328,302,267,136,1
A1115,A,1115,212,274,313,352,261,135,0
A1116,A,1116,224,302,289,367,271,135,0
A1117,A,1117,227,303,403,447,285,166,0
A1118,A,1118,257,240,278,357,248,143,0
A1119,A,1119,251,276,390,455,279,147,1
A1120,A,1120,136,258,372,319,267,118,1
A1121,A,1121,152,255,340,324,261,113,1
A1122,A,1122,210,216,341,357,233,129,1
A1123,A,1123,201,390,453,429,338,211,0
A1124,A,1124,178,297,386,374,285,149,1
A1125,A,1125,189,309,379,402,278,158,0
A1126,A,1126,215,206,421,427,233,157,1
A1127,A,1127,227,325,492,473,365,167,1
A1128,A,1128,209,287,434,412,333,126,1
A1129,A,1129,291,326,376,453,331,172,0
A1130,A,1130,244,304,402,416,318,163,1
A1131,A,1131,257,300,438,449,316,166,1
A1132,A,1132,220,308,407,400,355,131,1
A1133,A,1133,178,301,454,369,374,153,0
A1134,A,1134,193,305,466,362,331,182,0
A1135,A,1135,219,336,451,395,367,187,0
A1136,A,1136,225,343,396,384,363,179,0
A1137,A,1137,177,244,374,361,247,141,0
A1138,A,1138,169,294,336,322,274,150,1
A1139,A,1139,199,280,342,385,270,137,1
A1140,A,1140,184,287,365,322,322,130,0
A1141,A,1141,183,313,427,348,357,146,1
A1142,A,1142,133,329,312,232,376,144,1
A1143,A,1143,138,269,221,223,297,76,1
A1144,A,1144,180,199,279,301,181,138,1
A1145,A,1145,210,237,292,353,205,150,1
A1146,A,1146,230,231,323,384,217,149,1
A1147,A,1147,231,312,474,417,285,256,1
A1148,A,1148,214,316,413,362,311,227,1
A1149,A,1149,228,237,449,396,256,229,1
A1150,A,1150,209,282,428,385,312,172,0
A1151,A,1151,152,258,358,282,276,175,1
A1152,A,1152,324,269,459,572,269,181,0
A1153,A,1153,198,241,452,410,223,198,1
A1154,A,1154,253,295,477,471,318,182,1
A1155,A,1155,221,283,413,405,269,195,1
A1156,A,1156,247,269,486,422,397,172,0
A1157,A,1157,145,227,326,236,278,121,1
A1158,A,1158,214,283,346,304,360,128,1
A1159,A,1159,226,294,474,396,391,142,1
A1160,A,1160,182,262,369,296,288,193,1
A1161,A,1161,212,231,365,362,275,158,1
A1162,A,1162,113,333,388,237,356,185,1
A1163,A,1163,153,232,327,277,230,163,1
A1164,A,1164,183,201,334,335,208,154,0
A1165,A,1165,143,279,359,280,267,201,1
A1166,A,1166,204,243,401,376,301,141,1
A1167,A,1167,221,258,397,406,245,164,1
A1168,A,1168,217,268,378,369,277,151,1
A1169,A,1169,284,340,487,467,375,218,1
A1170,A,1170,219,328,459,391,385,204,1
A1171,A,1171,244,306,474,449,361,177,1
A1172,A,1172,252,309,550,499,320,217,0
A1173,A,1173,224,265,358,348,297,172,1
A1174,A,1174,211,322,445,363,331,228,1
A1175,A,1175,212,310,397,363,309,194,1
A1176,A,1176,194,382,442,400,384,205,1
A1177,A,1177,206,286,455,362,323,189,1
A1178,A,1178,195,262,416,316,312,208,1
A1179,A,1179,196,300,392,343,304,193,1
A1180,A,1180,190,302,408,322,362,164,1
A1181,A,1181,205,343,460,409,378,156,0
A1182,A,1182,222,305,422,365,342,211,1
A1183,A,1183,274,386,494,461,441,183,1
A1184,A,1184,215,330,489,416,364,215,1
A1185,A,1185,198,268,390,373,251,185,0
A1186,A,1186,221,307,412,465,300,137,1
A1187,A,1187,223,309,483,477,321,166,1
A1188,A,1188,180,271,353,330,282,156,0
A1189,A,1189,183,302,417,326,310,220,1
A1190,A,1190,208,259,430,402,308,160,1
A1191,A,1191,114,284,210,166,277,117,0
A1192,A,1192,154,385,327,243,396,179,0
A1193,A,1193,123,433,332,229,410,218,1
A1194,A,1194,69,523,254,129,503,176,0
A1195,A,1195,116,638,250,147,538,289,0
A1196,A,1196,89,563,285,147,543,233,0
A1197,A,1197,178,432,402,294,446,211,0
A1198,A,1198,100,488,317,156,498,193,0
A1199,A,1199,41,732,314,83,727,274,0
A1200,A,1200,61,594,347,123,551,264,1
A1201,A,1201,56,573,335,141,511,266,1
A1202,A,1202,76,671,370,127,603,340,1
A1203,A,1203,110,592,385,168,550,318,1
A1204,A,1204,115,482,365,211,477,235,1
A1205,A,1205,192,381,353,255,369,268,1
A1206,A,1206,167,370,398,267,317,302,0
A1207,A,1207,103,357,273,185,337,188,0
A1208,A,1208,78,516,323,149,512,230,1
A1209,A,1209,107,340,301,189,352,174,0
A1210,A,1210,112,353,294,174,382,165,0
A1211,A,1211,91,373,282,144,403,167,1
A1212,A,1212,115,476,359,223,465,220,0
A1213,A,1213,173,449,374,240,503,213,0
A1214,A,1214,105,323,279,149,387,131,0
A1215,A,1215,127,350,239,134,414,127,1
A1216,A,1216,113,383,280,146,431,162,1
A1217,A,1217,112,427,272,129,507,136,1
A1218,A,1218,149,419,387,191,477,235,1
A1219,A,1219,145,277,360,161,375,206,1
A1220,A,1220,161,466,356,180,535,202,1
A1221,A,1221,142,389,381,196,446,215,1
A1222,A,1222,126,463,343,177,530,172,0
A1223,A,1223,135,409,410,189,506,220,1
A1224,A,1224,96,386,354,139,462,184,1
A1225,A,1225,121,284,324,181,338,164,1
A1226,A,1226,152,329,322,204,344,181,0
A1227,A,1227,191,328,386,243,378,196,0
A1228,A,1228,117,404,314,159,439,176,1
A1229,A,1229,160,387,332,189,434,199,1
A1230,A,1230,105,313,282,138,341,170,0
A1231,A,1231,134,270,247,144,326,132,0
A1232,A,1232,104,355,190,123,388,100,1
A1233,A,1233,116,277,197,116,325,96,1
A1234,A,1234,47,415,205,56,424,156,0
A1235,A,1235,34,563,215,48,579,158,0
A1236,A,1236,99,434,372,129,486,234,0
A1237,A,1237,180,352,333,214,389,212,0
A1238,A,1238,208,397,427,257,427,274,0
A1239,A,1239,151,442,352,208,505,180,0
A1240,A,1240,143,375,366,185,448,206,0
A1241,A,1241,140,325,352,166,400,175,1
A1242,A,1242,174,379,339,223,443,160,1
A1243,A,1243,149,338,323,223,386,165,0
A1244,A,1244,144,316,267,175,356,135,0
A1245,A,1245,130,352,294,176,379,159,0
A1246,A,1246,139,299,270,193,327,142,1
A1247,A,1247,132,361,232,117,419,131,0
A1248,A,1248,164,381,277,147,443,160,1
A1249,A,1249,147,348,304,175,426,168,1
A1250,A,1250,141,360,298,164,415,147,1
A1251,A,1251,119,332,273,115,405,144,1
A1252,A,1252,108,297,313,123,367,161,1
A1253,A,1253,124,347,336,164,403,176,1
A1254,A,1254,132,376,316,170,438,175,0
A1255,A,1255,69,378,265,89,412,147,1
A1256,A,1256,129,316,341,156,371,192,1
A1257,A,1257,126,365,374,151,432,217,1
A1258,A,1258,132,359,358,155,424,193,0
A1259,A,1259,118,337,328,121,364,235,1
A1260,A,1260,128,356,346,144,400,220,1
A1261,A,1261,124,322,279,145,381,154,0
A1262,A,1262,141,426,427,173,511,227,1
A1263,A,1263,129,469,417,187,513,246,1
A1264,A,1264,161,400,455,194,486,290,1
A1265,A,1265,166,410,445,176,483,269,1
A1266,A,1266,116,326,306,128,398,172,1
A1267,A,1267,129,326,359,161,401,182,1
A1268,A,1268,139,362,365,168,416,225,1
A1269,A,1269,118,397,453,169,497,242,0
A1270,A,1270,79,351,283,94,398,168,0
A1271,A,1271,120,366,404,163,452,211,1
A1272,A,1272,105,341,295,143,398,154,1
A1273,A,1273,138,320,359,179,412,157,0
A1274,A,1274,136,335,364,152,412,219,0
A1275,A,1275,112,344,316,149,414,158,0
A1276,A,1276,95,369,360,130,446,187,1
A1277,A,1277,114,303,332,157,355,180,0
A1278,A,1278,146,420,406,204,492,199,0
A1279,A,1279,137,415,396,188,491,207,0
A1280,A,1280,93,390,435,121,510,213,1
A1281,A,1281,147,350,462,153,487,222,1
A1282,A,1282,103,424,376,148,503,185,1
A1283,A,1283,118,448,392,165,524,203,1
A1284,A,1284,104,451,447,167,536,227,1
A1285,A,1285,158,412,416,192,529,207,0
A1286,A,1286,133,415,402,158,511,222,1
A1287,A,1287,99,396,339,131,495,176,0
A1288,A,1288,152,459,364,170,497,243,0
A1289,A,1289,123,411,343,173,478,171,0
A1290,A,1290,142,458,359,181,526,207,1
A1291,A,1291,112,434,327,136,522,176,1
A1292,A,1292,74,485,419,98,579,245,1
A1293,A,1293,66,514,380,106,638,173,1
A1294,A,1294,68,600,319,83,653,211,1
A1295,A,1295,171,485,341,178,532,214,0
A1296,A,1296,161,454,389,208,557,216,1
A1297,A,1297,133,381,327,151,454,174,1
A1298,A,1298,189,415,377,233,488,181,1
A1299,A,1299,137,395,317,165,459,175,1
A1300,A,1300,110,422,411,142,502,244,1
A1301,A,1301,140,424,375,168,436,267,0
A1302,A,1302,110,389,295,126,450,169,1
A1303,A,1303,118,448,344,150,547,177,1
A1304,A,1304,173,429,348,180,512,185,0
A1305,A,1305,139,418,296,175,479,141,1
A1306,A,1306,149,443,340,155,532,186,0
A1307,A,1307,97,364,321,140,442,149,0
A1308,A,1308,100,357,285,100,452,149,1
A1309,A,1309,118,371,280,155,440,142,0
A1310,A,1310,104,318,223,128,356,118,0
A1311,A,1311,144,298,409,180,438,164,0
A1312,A,1312,164,375,312,132,463,172,0
A1313,A,1313,186,363,352,195,439,166,0
A1314,A,1314,152,276,321,167,343,155,0
A1315,A,1315,112,341,308,141,429,128,0
A1316,A,1316,166,259,297,145,373,124,0
A1317,A,1317,148,375,300,135,436,152,0
A1318,A,1318,141,414,324,152,490,163,1
A1319,A,1319,164,382,307,154,469,151,1
A1320,A,1320,147,368,289,140,438,142,0
A1321,A,1321,115,327,288,112,416,144,0
A1322,A,1322,128,446,308,147,505,162,1
A1323,A,1323,105,439,330,121,517,172,0
A1324,A,1324,128,352,333,180,433,144,0
A1325,A,1325,104,372,328,137,455,168,1
A1326,A,1326,112,417,303,135,478,161,1
A1327,A,1327,90,333,313,123,393,167,1
A1328,A,1328,136,383,357,164,477,178,1
A1329,A,1329,117,377,356,129,456,205,1
A1330,A,1330,81,415,250,101,445,155,1
A1331,A,1331,119,450,264,139,490,170,1
A1332,A,1332,49,745,278,58,752,215,1
A1333,A,1333,86,552,346,106,612,230,1
A1334,A,1334,85,556,411,106,644,277,1
A1335,A,1335,75,547,328,84,600,210,0
A1336,A,1336,131,386,376,152,486,203,1
A1337,A,1337,79,284,190,93,317,107,1
A1338,A,1338,73,287,265,97,363,136,1
A1339,A,1339,150,581,489,211,655,270,1
A1340,A,1340,134,466,403,159,531,248,1
A1341,A,1341,126,475,426,160,541,257,0
A1342,A,1342,118,418,403,167,501,230,0
A1343,A,1343,126,376,406,174,441,241,0
A1344,A,1344,154,417,424,160,489,271,1
A1345,A,1345,125,309,365,167,375,202,1
A1346,A,1346,102,297,300,127,330,187,1
A1347,A,1347,130,368,326,155,426,195,1
A1348,A,1348,144,456,422,201,508,270,1
A1349,A,1349,137,414,354,168,464,199,1
A1350,A,1350,149,450,399,179,503,233,1
A1351,A,1351,123,408,327,155,452,184,1
A1352,A,1352,148,367,392,157,465,215,1
A1353,A,1353,141,412,354,167,501,181,1
A1354,A,1354,123,435,260,128,447,193,1
A1355,A,1355,130,341,281,123,413,154,1
A1356,A,1356,118,379,317,143,437,165,1
A1357,A,1357,120,348,333,140,438,162,1
A1358,A,1358,131,302,335,141,421,174,1
A1359,A,1359,147,377,376,178,458,159,1
A1360,A,1360,94,291,306,120,371,152,1
A1361,A,1361,150,363,407,173,455,205,1
A1362,A,1362,114,442,340,147,530,189,1
A1363,A,1363,120,446,336,141,542,160,1
A1364,A,1364,115,344,349,137,429,179,1
A1365,A,1365,133,417,391,118,559,209,1
A1366,A,1366,132,455,349,169,531,189,1
A1367,A,1367,120,435,381,154,550,202,1
A1368,A,1368,105,405,268,101,483,133,1
A1369,A,1369,134,385,315,154,439,160,1
A1370,A,1370,118,401,314,154,454,191,1
A1371,A,1371,122,400,296,149,456,163,1
A1372,A,1372,103,351,274,142,400,139,1
A1373,A,1373,154,368,290,168,432,164,1
A1374,A,1374,114,382,282,148,434,136,1
A1375,A,1375,124,375,283,153,422,146,1
A1376,A,1376,155,339,315,192,427,146,1
A1377,A,1377,181,331,344,199,420,171,0
A1378,A,1378,113,368,286,157,439,132,0
A1379,A,1379,137,376,328,167,467,154,0
A1380,A,1380,107,401,327,133,470,162,1
A1381,A,1381,110,384,357,123,487,190,0
A1382,A,1382,119,351,301,130,423,174,1
A1383,A,1383,128,365,296,127,479,136,1
A1384,A,1384,125,367,309,143,416,175,1
A1385,A,1385,146,342,312,163,410,173,1
A1386,A,1386,131,326,342,171,424,167,1
A1387,A,1387,122,334,292,124,410,172,1
A1388,A,1388,94,400,300,110,466,183,1
A1389,A,1389,119,329,284,148,380,176,0
A1390,A,1390,130,349,308,171,380,169,1
A1391,A,1391,121,391,257,129,449,146,1
A1392,A,1392,142,416,324,171,509,150,1
A1393,A,1393,160,366,299,166,460,145,1
A1394,A,1394,141,453,291,140,544,151,1
A1395,A,1395,146,380,337,144,503,145,1
A1396,A,1396,128,341,341,132,515,133,1
A1397,A,1397,117,354,328,145,461,158,1
A1398,A,1398,123,335,299,128,442,158,1
A1399,A,1399,57,330,211,71,373,111,1
A1400,A,1400,77,254,95,105,252,49,1
A1401,A,1401,88,253,180,92,276,117,1
A1402,A,1402,151,391,433,223,482,221,1
A1403,A,1403,189,364,428,237,462,230,1
A1404,A,1404,195,379,384,221,451,198,1
A1405,A,1405,168,436,468,224,521,255,1
A1406,A,1406,114,444,374,133,522,233,1
A1407,A,1407,122,445,382,154,535,222,1
A1408,A,1408,87,440,379,132,530,186,1
A1409,A,1409,131,471,440,175,598,215,1
A1410,A,1410,155,441,361,167,528,205,1
A1411,A,1411,139,418,387,176,521,188,1
A1412,A,1412,161,413,358,170,472,212,1
A1413,A,1413,116,383,357,152,473,170,1
A1414,A,1414,124,416,359,188,475,181,1
A1415,A,1415,144,394,369,156,454,220,1
A1416,A,1416,161,367,359,181,431,216,0
A1417,A,1417,149,409,332,188,438,218,0
A1418,A,1418,104,413,366,208,436,180,0
A1419,A,1419,116,482,382,178,565,202,0
A1420,A,1420,117,431,340,134,505,192,0
A1421,A,1421,85,303,296,106,364,167,0
A1422,A,1422,133,377,317,193,432,158,0
A1423,A,1423,127,359,357,155,451,183,0
A1424,A,1424,174,481,413,199,528,261,1
A1425,A,1425,150,516,433,249,556,238,0
A1426,A,1426,106,448,362,156,514,211,0
A1427,A,1427,155,402,391,201,451,211,1
A1428,A,1428,92,362,375,172,437,194,1
A1429,A,1429,135,338,305,157,385,172,0
A1430,A,1430,98,486,368,116,594,226,1
A1431,A,1431,105,356,289,127,403,145,0
A1432,A,1432,94,370,313,120,449,175,0
A1433,A,1433,123,356,351,206,424,151,1
A1434,A,1434,92,361,378,174,432,179,1
A1435,A,1435,137,295,302,171,341,173,0
A1436,A,1436,138,362,354,169,442,194,0
A1437,A,1437,142,333,284,204,369,158,1
A1438,A,1438,104,365,271,128,395,155,0
A1439,A,1439,123,504,359,155,589,202,0
A1440,A,1440,45,599,272,60,672,155,1
A1441,A,1441,128,388,357,155,449,182,1
A1442,A,1442,132,421,326,151,498,175,1
A1443,A,1443,94,478,359,142,535,213,1
A1444,A,1444,168,489,446,226,602,192,1
A1445,A,1445,100,450,275,131,515,150,0
A1446,A,1446,106,380,343,145,473,183,1
A1447,A,1447,119,453,366,141,574,147,0
A1448,A,1448,91,501,343,110,584,186,1
A1449,A,1449,70,527,337,113,648,147,0
A1450,A,1450,145,375,382,169,457,229,1
A1451,A,1451,73,515,371,97,593,235,1
A1452,A,1452,93,400,319,100,490,184,0
A1453,A,1453,114,452,347,128,569,168,1
A1454,A,1454,107,377,400,156,536,199,0
A1455,A,1455,84,467,360,120,550,167,0
A1456,A,1456,89,394,304,84,439,218,1
A1457,A,1457,141,441,429,165,572,224,0
A1458,A,1458,134,449,325,124,520,196,1
A1459,A,1459,77,308,236,79,380,127,1
A1460,A,1460,74,347,300,88,382,216,1
A1461,A,1461,92,439,290,111,531,136,1
A1462,A,1462,91,389,297,121,471,146,1
A1463,A,1463,91,472,311,112,547,186,0
A1464,A,1464,81,412,262,90,468,158,1
A1465,A,1465,105,485,403,139,563,244,1
A1466,A,1466,105,506,316,127,597,149,1
A1467,A,1467,114,510,394,150,606,230,1
A1468,A,1468,96,446,320,113,528,166,1
A1469,A,1469,110,376,332,136,437,174,1
A1470,A,1470,123,358,316,158,412,178,1
A1471,A,1471,122,328,317,124,426,143,0
A1472,A,1472,142,406,348,147,516,164,1
A1473,A,1473,93,455,396,128,606,165,0
A1474,A,1474,92,477,395,135,638,185,0
A1475,A,1475,83,507,386,131,595,175,1
A1476,A,1476,75,521,383,111,635,199,1
A1477,A,1477,89,397,406,140,546,163,1
A1478,A,1478,84,374,287,108,451,157,1
A1479,A,1479,128,400,367,161,509,199,1
A1480,A,1480,101,369,299,119,437,156,1
A1481,A,1481,79,522,368,90,653,191,1
A1482,A,1482,120,429,315,137,491,172,1
A1483,A,1483,107,476,386,156,558,224,0
A1484,A,1484,106,432,398,138,521,237,1
A1485,A,1485,106,593,382,130,671,237,1
A1486,A,1486,93,535,384,123,607,249,1
A1487,A,1487,117,454,342,137,504,194,1
A1488,A,1488,118,460,427,145,573,231,1
A1489,A,1489,109,525,388,122,588,267,1
A1490,A,1490,151,457,412,179,527,268,1
A1491,A,1491,95,547,383,124,598,269,1
A1492,A,1492,128,510,423,148,597,276,1
A1493,A,1493,118,477,411,127,517,280,1
A1494,A,1494,144,386,338,152,468,226,1
A1495,A,1495,38,211,116,52,192,79,1
A1496,A,1496,70,415,273,94,444,168,1
A1497,A,1497,141,382,320,159,436,205,1
A1498,A,1498,102,465,406,145,598,225,1
A1499,A,1499,101,429,409,99,540,210,1
A1500,A,1500,106,477,451,135,582,260,1
A1501,A,1501,121,493,368,107,572,264,1
A1502,A,1502,95,506,365,115,597,242,1
A1503,A,1503,114,502,358,150,538,234,1
A1504,A,1504,70,537,371,99,605,235,1
A1505,A,1505,91,594,339,118,666,211,1
A1506,A,1506,177,446,402,195,498,293,1
A1507,A,1507,173,413,371,174,469,253,1
A1508,A,1508,151,397,392,189,450,228,1
A1509,A,1509,125,432,373,139,480,257,1
A1510,A,1510,145,400,426,188,461,263,1
A1511,A,1511,137,371,374,182,464,188,1
A1512,A,1512,132,437,374,170,516,207,1
A1513,A,1513,154,443,361,212,482,215,1
A1514,A,1514,107,320,317,154,401,170,1
A1515,A,1515,106,305,280,119,368,160,0
A1516,A,1516,83,413,243,82,445,167,1
A1517,A,1517,83,473,340,111,573,170,0
A1518,A,1518,88,431,306,99,555,157,1
A1519,A,1519,91,463,315,100,484,195,1
A1520,A,1520,107,442,345,116,513,214,1
A1521,A,1521,126,437,360,119,523,228,1
A1522,A,1522,134,409,407,163,486,231,1
A1523,A,1523,130,581,395,122,697,226,1
A1524,A,1524,101,361,294,150,396,177,1
A1525,A,1525,107,397,298,109,468,193,1
A1526,A,1526,121,348,298,149,412,161,1
A1527,A,1527,83,360,351,121,432,207,1
A1528,A,1528,133,408,395,163,507,213,1
A1529,A,1529,144,389,308,147,423,179,0
A1530,A,1530,133,342,340,167,409,174,0
A1531,A,1531,106,402,348,148,480,184,0
A1532,A,1532,138,471,410,171,551,239,0
A1533,A,1533,179,448,451,211,547,258,0
A1534,A,1534,121,439,453,149,553,246,0
A1535,A,1535,144,391,376,165,467,207,1
A1536,A,1536,149,429,406,149,560,211,0
A1537,A,1537,132,430,400,154,531,208,1
A1538,A,1538,112,450,481,146,539,305,1
A1539,A,1539,103,356,356,127,441,203,1
A1540,A,1540,75,392,326,81,480,192,1
A1541,A,1541,91,450,351,113,605,202,0
A1542,A,1542,113,448,348,105,439,213,0
A1543,A,1543,116,480,451,141,544,304,0
A1544,A,1544,116,446,329,133,583,215,0
A1545,A,1545,102,550,365,105,502,266,0
A1546,A,1546,155,460,382,169,532,269,1
A1547,A,1547,222,489,447,231,525,307,1
A1548,A,1548,111,272,276,150,303,174,1
A1549,A,1549,65,476,332,104,550,173,1
A1550,A,1550,97,319,284,116,379,174,0
A1551,A,1551,123,455,422,174,519,256,1
A1552,A,1552,137,400,375,143,410,301,1
A1553,A,1553,131,427,323,138,434,270,1
A1554,A,1554,134,392,372,176,440,250,0
A1555,A,1555,170,333,358,170,358,277,0
A1556,A,1556,129,388,391,166,436,264,0
A1557,A,1557,119,439,398,131,489,291,1
A1558,A,1558,102,497,539,142,626,320,1
A1559,A,1559,106,432,373,118,496,263,1
A1560,A,1560,95,373,364,109,411,267,1
A1561,A,1561,128,331,327,112,345,282,1
A1562,A,1562,151,154,241,148,141,207,1
A1563,A,1563,149,149,232,170,146,182,0
